,ADJOE,ADJDE,BARTHAG,EFG_O,EFG_D,TOR,TORD,ORB,DRB,FTR,FTRD,2P_O,2P_D,3P_O,3P_D,ADJ_T,WAB,POSTSEASON
0,108.71696428571428,98.53571428571432,0.7248428571428568,51.65357142857145,48.16473214285713,17.84910714285713,18.860267857142848,31.010714285714283,28.98928571428573,37.592857142857135,34.090625,50.59017857142857,47.03571428571429,35.729910714285715,33.515624999999986,67.71339285714286,-0.8214285714285711,1
1,112.82589285714286,95.05625000000003,0.8623928571428573,52.13839285714285,47.26071428571429,17.228571428571428,19.289285714285718,32.18035714285714,28.955357142857142,36.53392857142858,33.56517857142857,51.25892857142858,46.113392857142856,35.81874999999999,32.93214285714284,67.33392857142857,3.0383928571428576,2
2,115.51428571428572,93.75,0.9088107142857141,52.621428571428574,47.2,17.232142857142858,18.996428571428567,33.017857142857125,28.72142857142857,36.34285714285714,31.828571428571426,51.617857142857154,45.908928571428596,36.34464285714286,33.13928571428571,67.56071428571428,4.589285714285714,3
3,117.74285714285713,92.8107142857143,0.93,53.68571428571429,46.710714285714296,16.814285714285713,19.128571428571426,33.14999999999999,28.814285714285703,37.325,31.810714285714287,53.08571428571428,45.43571428571429,36.56071428571428,32.725,67.41428571428571,6.575,4
4,116.37142857142857,91.95714285714286,0.9299714285714288,52.93571428571429,45.964285714285715,17.514285714285716,19.771428571428565,32.95,29.885714285714283,35.83571428571428,31.67857142857143,51.19285714285714,45.17142857142858,37.114285714285714,31.728571428571428,66.66428571428571,6.1000000000000005,5
5,119.78571428571428,91.47142857142859,0.952457142857143,53.7,45.94285714285714,15.485714285714286,18.314285714285713,32.885714285714286,27.514285714285712,35.9,29.4,53.7,44.35714285714287,35.74285714285715,32.91428571428572,66.65714285714286,7.371428571428572,6
6,121.29999999999998,90.4,0.9636714285714286,54.457142857142856,46.27142857142857,16.3,20.01428571428572,33.41428571428571,29.02857142857143,35.0,29.87142857142857,53.52857142857143,45.28571428571429,37.42857142857143,32.08571428571428,66.87142857142858,9.057142857142855,7
